מזהה;שם;תיאור;מיקום;מוצג
3;"מחשבים ניידים";"מחשבים ניידים עם מעבד Intel® Core™ I9
מחשבים ניידים עם מעבד Intel® Core™ I7
מחשבים ניידים עם מעבד Intel® Core™ I5
מחשבים ניידים עם מעבד Intel® Core™ I3";0;1
35;AIO;;1;1
47;Soft;;2;1
56;"לוחות אם";;3;1
66;מעבדים;;4;1
108;"כרטיסי מסך";;6;1
91;"מחשבים נייחיים";;8;1
107;"מחשבים ניידים 14 עם מעבד I7";;9;1
113;"מחשבים מחודשים";"מה זה מחשב מחודש?
במאמר הקצר הבא ננסה לשקף לכם,מה זה מחשב “מחודש” שהרבה חוששים ממנו,ולמה הרכישה בטוחה ועדיפה על חדש.
 
אז מה המשמעות בעצם? בוא נעשה קצת סדר.
רשת האינטרנט מלאה במידע רב מאוד,אשר מאוד מבלבל בעיקרו את הלקוח בגלל המושגים הרבים.
שוק המחשבים המחודשים והמוחדשים הוא אחד השווקים המשגשגים בארה""ב,כאשר בחציון האחרון נרשמו מכירות של כ6 מיליארד דולר (נתון ממוצע).עניין המחודש והמוחדש לא שייך כלל רק לשוק המחשבים, והוא קיים ממסכים וסמאטרפונים ועד צעצועים ורהיטים.
אז מה זה מחשב מחודש ? ומה זה בכלל חידוש?
מחשב מחודש – נישב שהוחזר לחברה המייצרת או המשווקת ממגוון סיבות אפשריות (החל מסיום חוזה מול חברה תאגידית ועד עודפי מלאי) ולאחר מכן עבר תהליך קפדני של ייצור והתאמה מחדש.כך, מחשב מחודש יכול להגיע ממשרדי ממשלה,מתצוגה, מעודפים שלא נמכרו, מהדגמות,ממכרזי מחשב שהוזמנו ע""י לקוח אך הוחזר למשווק עקב פגם קוסמטי, וכיו""ב.מעבר לתהליך הבדיקה והייצור מחדש של מחשבים מחודשים,אלו פשוט מוצרים אשר יצאו כבר בעבר ממחסני החברה היצרנית או המשווקת ולכן לא יכולים להימכר כחדשים, העניין הזה משפיע גם על המחיר של המוצר .
אתם למעשה מקבלים מחשב לאחר בדיקת עומס,בדיקת תקינות, בדיקות איכות(QA), שעבר בדיקות מקצועיות ובדיקות תאימות ואשר יתפקד ממש כמו מחשב חדש לחלוטין,אך במחיר זול ואטרקטיבי הרבה יותר בעקבות הגדרתו כמחודש או מוחדש.
המחשב מגיע נקי, ללא תוספים מיותרים.מחשב מחודש / מוחדש היא אופציה נהדרת לאלו המחפשים להנות מטכנולוגיה נהדרת במינימום מחיר,למשרדים אשר מחפשים להנות מציוד חזק מבלי לחרוג מהתקציב,ואף עבור אנשים אשר רואים את הדגם שהם רוצים הן במצב חדש והן במחודש,כי ההבדל לא קיים ברמת החומרה.השורה התחתונה.
השורה התחתונה לגבי מחשבים מחודשים היא שכאשר אתם קונים מספק איכותי, אמין ומוכר, כאשר המוצר מגיע עם אחריות וכאשר המחיר אטרקטיבי לעומת האפשרויות בשוק,רכישת מחשבים מחודשים היא הזדמנות איכותית וכדאית באמת. בפועל אין כאן באמת סיכון,האחריות הינה מלאה על כלל הרכיבים,בדיוק כפי שמגיע מחשב חדש.
 https://www.bestrade.co.il/pages/7708-ma-ze-mahshev-mehudash";10;1
117;אחסון;;11;1
127;"צגי מחשב";;12;1
145;"'url': 'https:";;13;1
148;"זיכרונות למחשבים";;14;1
